mlst_profile,count
ST207,1
ST230,1
ST239,1
ST246,1
ST274,1
kaerogenes|dnaA(14)|fusA(1)|gyrB(10)|leuS(3)|pryG(2)|rplB(2)|rpoB(10)|,1
kaerogenes|dnaA(2)|fusA(3)|gyrB(9)|leuS(3)|pryG(15)|rplB(1)|rpoB(2)|,1
kaerogenes|dnaA(23)|fusA(1)|gyrB(16)|leuS(14)|pryG(1)|rplB(1)|rpoB(10)|,1
kaerogenes|dnaA(27)|fusA(~3)|gyrB(1)|leuS(14)|pryG(1)|rplB(1)|rpoB(2)|,1
kaerogenes|dnaA(~38)|fusA(15)|gyrB(1)|leuS(3)|pryG(3)|rplB(1)|rpoB(2)|,1
kaerogenes|dnaA(~41)|fusA(~2)|gyrB(~26)|leuS(~48)|pryG(~20)|rplB(1)|rpoB(~2)|,1
kosc ST109,1
kosc ST121-3LV,1
kosc ST13,1
kosc ST134-1LV,1
kosc ST151,1
kosc ST157-3LV,1
kosc ST163-1LV,1
kosc ST186,1
kosc ST19,1
kosc ST199,1
kosc ST2,1
kosc ST2-2LV,1
kosc ST216,1
kosc ST223,1
kosc ST238-2LV,1
kosc ST249-1LV,1
kosc ST253-3LV,1
kosc ST258,1
kosc ST259,1
kosc ST284,1
kosc ST288,1
kosc ST29,1
kosc ST294,1
kosc ST30-1LV,1
kosc ST302,1
kosc ST324,1
kosc ST33-2LV,1
kosc ST357-2LV,1
kosc ST359,1
kosc ST36,1
kosc ST360,1
kosc ST364,1
kosc ST380-2LV,1
kosc ST411,1
kosc ST413,1
kosc ST418,1
kosc ST42,1
kosc ST43,1
kosc ST44,1
kosc ST440,1
kosc ST45-1LV,1
kosc ST48,1
kosc ST48-1LV,1
kosc ST488-2LV,1
kosc ST500,1
kosc ST510,1
kosc ST52,1
kosc ST523-1LV,1
kosc ST526,1
kosc ST534,1
kosc ST545,1
kosc ST83,1
kosc ST84,1
kosc ST85,1
kosc ST88-1LV,1
kosc ST9-2LV,1
kpsc NA,1
kpsc ST101,1
kpsc ST101-1LV,1
kpsc ST104,1
kpsc ST1082,1
kpsc ST111,1
kpsc ST116,1
kpsc ST1181,1
kpsc ST1190,1
kpsc ST1243,1
kpsc ST1263,1
kpsc ST127,1
kpsc ST1308,1
kpsc ST1430-1LV,1
kpsc ST15,1
kpsc ST152,1
kpsc ST1527,1
kpsc ST1537,1
kpsc ST1540,1
kpsc ST1548,1
kpsc ST1554,1
kpsc ST1562,1
kpsc ST161,1
kpsc ST163-1LV,1
kpsc ST1630,1
kpsc ST1675,1
kpsc ST168-1LV,1
kpsc ST17-1LV,1
kpsc ST1710,1
kpsc ST1731,1
kpsc ST1773,1
kpsc ST1777,1
kpsc ST1799,1
kpsc ST18,1
kpsc ST1818,1
kpsc ST1819,1
kpsc ST1833-1LV,1
kpsc ST1839,1
kpsc ST184,1
kpsc ST1875,1
kpsc ST1876,1
kpsc ST1877,1
kpsc ST1905-1LV,1
kpsc ST1958,1
kpsc ST1980-3LV,1
kpsc ST1998,1
kpsc ST1999,1
kpsc ST205,1
kpsc ST215,1
kpsc ST2202,1
kpsc ST236-1LV,1
kpsc ST2389,1
kpsc ST2441,1
kpsc ST2458,1
kpsc ST2504,1
kpsc ST252,1
kpsc ST253,1
kpsc ST2552,1
kpsc ST26,1
kpsc ST264-1LV,1
kpsc ST2650-2LV,1
kpsc ST2698-2LV,1
kpsc ST2703,1
kpsc ST276,1
kpsc ST2807,1
kpsc ST2854,1
kpsc ST2900,1
kpsc ST292,1
kpsc ST294,1
kpsc ST299,1
kpsc ST2994,1
kpsc ST2995-1LV,1
kpsc ST30,1
kpsc ST3049,1
kpsc ST3103-1LV,1
kpsc ST3113,1
kpsc ST3162,1
kpsc ST33,1
kpsc ST3345,1
kpsc ST3388-2LV,1
kpsc ST34,1
kpsc ST3429,1
kpsc ST347,1
kpsc ST377,1
kpsc ST391,1
kpsc ST3913,1
kpsc ST393,1
kpsc ST395,1
kpsc ST397,1
kpsc ST398,1
kpsc ST4023,1
kpsc ST4035,1
kpsc ST405,1
kpsc ST4110,1
kpsc ST4174,1
kpsc ST4197,1
kpsc ST4205,1
kpsc ST4225,1
kpsc ST433,1
kpsc ST4365,1
kpsc ST4403-1LV,1
kpsc ST454,1
kpsc ST460,1
kpsc ST460-3LV,1
kpsc ST463,1
kpsc ST464,1
kpsc ST4732,1
kpsc ST4739,1
kpsc ST4784,1
kpsc ST48,1
kpsc ST4840,1
kpsc ST485,1
kpsc ST501-1LV,1
kpsc ST5060-2LV,1
kpsc ST512,1
kpsc ST5127-1LV,1
kpsc ST5199,1
kpsc ST528-1LV,1
kpsc ST54-1LV,1
kpsc ST542,1
kpsc ST5487,1
kpsc ST5774,1
kpsc ST5817,1
kpsc ST584,1
kpsc ST585-1LV,1
kpsc ST588,1
kpsc ST590,1
kpsc ST603,1
kpsc ST6057,1
kpsc ST611,1
kpsc ST611-1LV,1
kpsc ST6192,1
kpsc ST6211,1
kpsc ST627,1
kpsc ST636,1
kpsc ST643-1LV,1
kpsc ST6556,1
kpsc ST659,1
kpsc ST66,1
kpsc ST692-1LV,1
kpsc ST697,1
kpsc ST70,1
kpsc ST7037,1
kpsc ST7115-1LV,1
kpsc ST716,1
kpsc ST725,1
kpsc ST750-1LV,1
kpsc ST791,1
kpsc ST850-3LV,1
kpsc ST86,1
kpsc ST873,1
kpsc ST878-1LV,1
kpsc ST889,1
kpsc ST925,1
kpsc ST950,1
kpsc ST976,1
ST4,2
ST93,2
kaerogenes|dnaA(25)|fusA(2)|gyrB(3)|leuS(29)|pryG(3)|rplB(6)|rpoB(2)|,2
kaerogenes|dnaA(3)|fusA(~3)|gyrB(2)|leuS(18)|pryG(3)|rplB(1)|rpoB(10)|,2
kosc ST108,2
kosc ST20,2
kosc ST214-2LV,2
kosc ST237,2
kosc ST282,2
kosc ST362,2
kosc ST40,2
kosc ST58,2
kpsc ST105,2
kpsc ST1078,2
kpsc ST1086,2
kpsc ST11,2
kpsc ST110,2
kpsc ST1412,2
kpsc ST1805,2
kpsc ST186,2
kpsc ST197,2
kpsc ST200,2
kpsc ST2004,2
kpsc ST219,2
kpsc ST234,2
kpsc ST2496,2
kpsc ST268,2
kpsc ST353,2
kpsc ST359,2
kpsc ST3699,2
kpsc ST38-3LV,2
kpsc ST414,2
kpsc ST416,2
kpsc ST458,2
kpsc ST4586,2
kpsc ST528,2
kpsc ST65,2
kpsc ST661,2
kpsc ST661-1LV,2
kpsc ST792,2
kpsc ST882,2
kpsc ST938,2
kpsc ST966,2
kosc ST157,3
kosc ST88,3
kpsc ST1411,3
kpsc ST198,3
kpsc ST250,3
kpsc ST323,3
kpsc ST36,3
kpsc ST380,3
kpsc ST39,3
kpsc ST412,3
kpsc ST449,3
kosc ST37,4
kpsc ST133,4
kpsc ST37,4
kpsc ST6,4
kpsc ST35,5
kpsc ST461,5
kpsc ST834,5
kpsc ST20,6
kpsc ST25,6
kpsc ST13,7
kpsc ST870,7
kpsc ST17,8
kpsc ST23,8
kpsc ST307,8
kpsc ST54,8
kpsc ST29,10
kpsc ST14,12
kpsc ST45,15
